{"cameraMode":{"drawMode":0,"name":"Shaded","section":"Shading Mode"},"sceneLighting":true,"audioPlay":false,"sceneViewState":{"showFog":true,"showMaterialUpdate":true,"showSkybox":true,"showFlares":true,"showImageEffects":true,"showParticleSystems":true},"in2DMode":false,"pivot":{"x":6.795928955078125,"y":0.123291015625,"z":5.51220703125},"rotation":{"x":0.14370007812976838,"y":-0.8459060788154602,"z":0.2840844690799713,"w":0.4278894066810608},"size":2.0863499641418459,"orthographic":true}