{"cameraMode":{"drawMode":0,"name":"Shaded","section":"Shading Mode"},"sceneLighting":false,"audioPlay":false,"sceneViewState":{"showFog":true,"showMaterialUpdate":true,"showSkybox":true,"showFlares":true,"showImageEffects":true,"showParticleSystems":true},"in2DMode":false,"pivot":{"x":9.959938049316407,"y":0.9287109375,"z":-1.1455078125},"rotation":{"x":0.2032485008239746,"y":0.18524986505508424,"z":-0.03919410705566406,"w":0.9606437683105469},"size":8.961512565612793,"orthographic":true}